{
  "6/3/2024 19:55:1": {
    "Time": 1709754901.3938968,
    "Percetagens crypto AI - Mercado": {
      "Lista": [
        -0.0363442285342522,
        0.03569966875467338,
        -0.014574985256945505,
        0.0009404130711555547
      ],
      "Soma": -0.014279131965368765,
      "M\u00e9dia": -0.003569782991342191
    },
    "Percetagens crypto AI": {
      "Lista": [
        -0.014,
        0.036,
        0.011,
        -0.029
      ],
      "Soma": 0.003999999999999995,
      "M\u00e9dia": 0.0009999999999999987
    },
    "Mercado": {
      "Lista": [
        0.022344228534252195,
        0.00030033124532661697,
        0.025574985256945505,
        -0.029940413071155556
      ],
      "Soma": 0.01827913196536876,
      "M\u00e9dia": 0.00456978299134219
    }
  },
  "7/3/2024 19:21:43": {
    "Time": 1709839303.0644293,
    "Percetagens crypto AI - Mercado": {
      "Lista": [
        -0.0363442285342522,
        0.03569966875467338,
        -0.014574985256945505,
        0.0009404130711555547,
        -0.028917913086040706
      ],
      "Soma": -0.04319704505140947,
      "M\u00e9dia": -0.008639409010281894
    },
    "Percetagens crypto AI": {
      "Lista": [
        -0.014,
        0.036,
        0.011,
        -0.029,
        0.0155
      ],
      "Soma": 0.019499999999999997,
      "M\u00e9dia": 0.0038999999999999994
    },
    "Mercado": {
      "Lista": [
        0.022344228534252195,
        0.00030033124532661697,
        0.025574985256945505,
        -0.029940413071155556,
        0.044417913086040706
      ],
      "Soma": 0.06269704505140947,
      "M\u00e9dia": 0.012539409010281893
    }
  },
  "9/3/2024 9:19:22": {
    "Time": 1709975962.6861863,
    "Percetagens crypto AI - Mercado": {
      "Lista": [
        -0.0363442285342522,
        0.03569966875467338,
        -0.014574985256945505,
        0.0009404130711555547,
        -0.028917913086040706,
        -0.0037708165507253995
      ],
      "Soma": -0.04696786160213487,
      "M\u00e9dia": -0.007827976933689145
    },
    "Percetagens crypto AI": {
      "Lista": [
        -0.014,
        0.036,
        0.011,
        -0.029,
        0.0155,
        0.00015867
      ],
      "Soma": 0.019658669999999996,
      "M\u00e9dia": 0.0032764449999999994
    },
    "Mercado": {
      "Lista": [
        0.022344228534252195,
        0.00030033124532661697,
        0.025574985256945505,
        -0.029940413071155556,
        0.044417913086040706,
        0.0039294865507254
      ],
      "Soma": 0.06662653160213487,
      "M\u00e9dia": 0.011104421933689145
    }
  },
  "9/3/2024 19:48:22": {
    "Time": 1710013702.7055635,
    "Percetagens crypto AI - Mercado": {
      "Lista": [
        -0.0363442285342522,
        0.03569966875467338,
        -0.014574985256945505,
        0.0009404130711555547,
        -0.028917913086040706,
        -0.0037708165507253995,
        0.05523291082604069
      ],
      "Soma": 0.008265049223905821,
      "M\u00e9dia": 0.0011807213177008316
    },
    "Percetagens crypto AI": {
      "Lista": [
        -0.014,
        0.036,
        0.011,
        -0.029,
        0.0155,
        0.00015867,
        0.125099
      ],
      "Soma": 0.14475766999999998,
      "M\u00e9dia": 0.020679667142857138
    },
    "Mercado": {
      "Lista": [
        0.022344228534252195,
        0.00030033124532661697,
        0.025574985256945505,
        -0.029940413071155556,
        0.044417913086040706,
        0.0039294865507254,
        0.0698660891739593
      ],
      "Soma": 0.13649262077609417,
      "M\u00e9dia": 0.01949894582515631
    }
  }
}